D1.0t7角4,990900
D1.0t9角4,990904
D1.0t10角4,990909
D1.0t13角4,996918
D1.2t10角4,990912
D1.2t12角4,990918
D1.2t13角4,990921
D1.2t14角4,990924
D1.2t16角5,990927
D1.2t19角5,990933
D1.2t21角5,999854
D1.2t25.4角５,990879
D1.5t16角５,990930
D1.5t19角５,990936
D1.5t20角５,990939
D1.5t21角５,990942
D1.5t22角５,990945
D1.5t25角５,990951
D1.5t30角５,990960
D1.5t32角５,990963
D1.5t35角５,990966
D1.5t40角５,990972
D1.5t50角５,990981
D1.5t60角５,990984
D1.5t14角4,991056
D1.5t32角6,992176
D1.5t16角6,996236
D1.5t30角6,996372
D1.5t40角6,996387
D1.5t20角6,996498
D1.5t16角4,996581
D1.5t30角4,996873
D1.5t25角4,996900
D1.5t20角4,996904
D2.0t50角5,991052
D2.0t75角5,991053
D2.0t32角5,996491
D2.0t50角4,996566
D2.0t40角6,996920
D3.0t100角5,996940
D3.0t150角6,996941
HL1.0t7角4,990901
HL1.0t9角4,990906
HL1.0t13角4,996307
HL1.2t10角4,990913
HL1.2t12角4,990919
HL1.5t16角5,990931
HL1.5t19角5,990937
HL1.5t20角5,990940
HL1.5t21角5,990943
HL1.5t22角5,990946
HL1.5t25角5,990952
HL1.5t28.6角5,990958
HL1.5t30角5,990961
HL1.5t32角5,990964
HL1.5t35角5,990967
HL1.5t40角5,990973
HL1.5t41角5,990976
HL1.5t46角5,990979
HL1.5t50角5,990982
HL1.5t60角5,990985
HL1.5t50角6,996022
HL1.5t14角4,996045
HL1.5t20角6,996240
HL1.5t32角6,996533
HL1.5t16角6,999260
HL2.0t75角5,990896
HL2.0t100角5,990988
HL2.0t100角6,996079
HL2.0t60角5,996094
HL2.0t50角5,996333
HL2.0t38.5角5,996567
HL2.0t32角5,996936
HL3.0t50角5,996101
F1.0t7角４,990902
F1.0t10角４,990911
F1.0t12角４,990917
F1.2t10角４,990914
F1.2t12角４,990920
F1.5t16角5,990932
F1.5t19角5,990938
F1.5t20角5,990941
F1.5t22角5,990947
F1.5t25角5,990953
F1.5t30角5,990962
F1.5t35角5,990968
F1.5t40角5,990974
F1.5t50角5,990983
F1.5t14角4,996146
F1.5t25角6,996416
F2.0t30角5,991763
D1.2t19×10×4,990990
D1.2t22×12×5,990993
D1.５t40×20×6,990146
D1.５t25×12×5,990951
D1.５t30×20×5,991002
D1.５t30×25×5,991005
D1.５t32×16×5,991008
D1.５t40×18×5,991011
D1.５t40×20×5,991014
D1.５t40×25×5,991017
D1.５t50×20×5,991020
D1.５t50×25×5,991023
D1.５t50×30×5,991026
D1.５t60×30×5,991035
D1.５t65×18×5,991044
D1.５t22×12×5,991057
D1.５t75×45×5,996116
D1.５t30×20×6,996321
D1.５t40×25×4,996916
D1.５t90×30×5,996932
D2.0t100×40×5,996579
D2.0t60×30×4,996582
HL1.2t19×10×4,990991
HL1.5t9×50×4,990899
HL1.5t24×14×5,990997
HL1.5t25×12×5,991000
HL1.5t30×25×5,991006
HL1.5t32×16×5,991009
HL1.5t40×18×5,991012
HL1.5t40×20×5,991015
HL1.5t40×25×5,991018
HL1.5t50×20×5,991021
HL1.5t50×25×5,991024
HL1.5t50×30×5,991027
HL1.5t60×30×5,991036
HL1.5t60×40×5,991039
HL1.5t61×32×5,991024
HL1.5t80×40×5,991060
HL1.5t90×30×5,991061
HL1.5t50×30×6,996112
HL1.5t50×25×6,996128
HL1.5t40×25×7,996132
HL1.5t30×9×4,996171
HL1.5t40×20×6,996227
HL1.5t30×20×5,996259
HL1.5t70×30×5,996299
HL1.5t75×45×5,996503
HL2.0t50×30×5,996333
HL2.0t40×25×5,996445
HL3.0t75×45×5,996937
F1.2t19×10×4,990992
F1.5t24×14×5,990998
F1.5t25×12×5,991001
F1.5t30×20×5,991004
F1.5t32×16×5,991010
F1.5t40×20×5,991016
F1.5t40×25×5,991019
F1.5t50×20×5,991022
F1.5t50×25×5,991025
F1.5t50×30×5,991028
F1.5t60×30×5,991037
F1.5t80×40×5,996285
F2.0t50×30×5,996938
