FBSUSF2.0t12×75×４,996506
FBSUSF2.0t30×75×４,996573
FBSUSF3.0t15×４,991239
FBSUSF3.0t20×4,991246
FBSUSF3.0t25×4,991251
FBSUSF3.0t30×4,991254
FBSUSF3.0t32×4,991257
FBSUSF3.0t38×4,991262
FBSUSF3.0t40×4,991265
FBSUSF3.0t50×4,991274
FBSUSF3.0t60×4,991277
FBSUSF3.0t75×4,991282
FBSUSF3.0t100×4,991286
FBSUSF4.0t15×4,991303
FBSUSF4.0t20×4,991311
FBSUSF4.0t25×4,991316
FBSUSF4.0t30×4,991319
FBSUSF4.0t32×4,991322
FBSUSF4.0t38×4,991327
FBSUSF4.0t40×4,991330
FBSUSF4.0t50×4,991335
FBSUSF4.0t60×4,991338
FBSUSF4.0t75×4,991343
FBSUSF4.0t100×4,991348
FBSUSF5.0t15×4,991359
FBSUSF5.0t20×4,991366
FBSUSF5.0t25×4,991371
FBSUSF5.0t30×4,991374
FBSUSF5.0t32×4,991377
FBSUSF5.0t38×4,991384
FBSUSF5.0t40×4,991387
FBSUSF5.0t50×4,991390
FBSUSF5.0t60×4,991393
FBSUSF5.0t65×4,991396
FBSUSF5.0t75×4,991399
FBSUSF5.0t100×4,991404
FBSUSF6.0t15×4,991416
FBSUSF6.0t20×4,991425
FBSUSF6.0t25×4,991430
FBSUSF6.0t30×4,991433
FBSUSF6.0t32×4,991437
FBSUSF6.0t38×4,991442
FBSUSF6.0t40×4,991446
FBSUSF6.0t45×4,991453
FBSUSF6.0t50×4,991458
FBSUSF6.0t60×4,991462
FBSUSF6.0t65×4,996465
FBSUSF6.0t75×4,991471
FBSUSF6.0t100×4,991477
FBSUSF8.0t32×4,996037
FBSUSF9.0t50×4,996149
FBSUSF9.0t25×4,996384
FBSUSF9.0t20×4,996448
FBSUSF9.0t15×4,996912
FBSUSF10.0t15×4,996205
FBSUSF10.0t25×4,996366
FBSUSF10.0t20×4,996413
FBSUSF10.0t50×4,996465
FBSUSF10.0t30×4,996473
FBSUSF12.0t75×4,996506
FBSUSF12.0t30×4,996573
FBSUSF16.0t32×4,996406
FBSUSF16.0t20×4,996489
FBSUSHL2.0t10×4,991206
FBSUSHL2.0t15×4,991209
FBSUSHL2.0t20×4,991211
FBSUSHL2.0t25×4,991213
FBSUSHL2.0t30×4,991215
FBSUSHL2.0t32×4,991217
FBSUSHL2.0t40×4,991221
FBSUSHL2.0t45×4,991223
FBSUSHL2.0t50×4,991225
FBSUSHL3.0t10×4,991232
FBSUSHL3.0t12×4,991234
FBSUSHL3.0t13×4,991236
FBSUSHL3.0t15×4,991238
FBSUSHL3.0t16×4,991241
FBSUSHL3.0t19×4,991243
FBSUSHL3.0t20×4,991245
FBSUSHL3.0t22×4,991248
FBSUSHL3.0t25×4,991250
FBSUSHL3.0t30×4,991253
FBSUSHL3.0t32×4,991256
FBSUSHL3.0t35×4,991259
FBSUSHL3.0t38×4,991261
FBSUSHL3.0t40×4,991264
FBSUSHL3.0t42×4,991267
FBSUSHL3.0t45×4,991269
FBSUSHL3.0t48×4,991271
FBSUSHL3.0t50×4,991273
FBSUSHL3.0t60×4,991276
FBSUSHL3.0t65×4,991279
FBSUSHL3.0t75×4,991281
FBSUSHL3.0t100×4,*99128
FBSUSHL3.0t5×4,996054
FBSUSHL3.0t6×4,996193
FBSUSHL4.0t10×4,991295
FBSUSHL4.0t11×4,991297
FBSUSHL4.0t13×4,991300
FBSUSHL4.0t15×4,991302
FBSUSHL4.0t16×4,991305
FBSUSHL4.0t19×4,991308
FBSUSHL4.0t20×4,991310
FBSUSHL4.0t22×4,991313
FBSUSHL4.0t25×4,991315
FBSUSHL4.0t30×4,991318
FBSUSHL4.0t32×4,991321
FBSUSHL4.0t35×4,991324
FBSUSHL4.0t38×4,991326
FBSUSHL4.0t40×4,991329
FBSUSHL4.0t45×4,991332
FBSUSHL4.0t50×4,991334
FBSUSHL4.0t60×4,991337
FBSUSHL4.0t65×4,991340
FBSUSHL4.0t75×4,991342
FBSUSHL4.0t90×4,991345
FBSUSHL4.0t100×4,991347
FBSUSHL5.0t10×4,991352
FBSUSHL5.0t12×4,991354
FBSUSHL5.0t13×4,991356
FBSUSHL5.0t15×4,991358
FBSUSHL5.0t16×4,991361
FBSUSHL5.0t19×4,991363
FBSUSHL5.0t20×4,991365
FBSUSHL5.0t22×4,991368
FBSUSHL5.0t25×4,991370
FBSUSHL5.0t30×4,991373
FBSUSHL5.0t32×4,991376
FBSUSHL5.0t34×4,991379
FBSUSHL5.0t35×4,991381
FBSUSHL5.0t38×4,991383
FBSUSHL5.0t40×4,991386
FBSUSHL5.0t50×4,991389
FBSUSHL5.0t60×4,991392
FBSUSHL5.0t65×4,991395
FBSUSHL5.0t75×4,991398
FBSUSHL5.0t90×4,991401
FBSUSHL5.0t100×4,991403
FBSUSHL5.0t8×4,996156
FBSUSHL5.0t9×4,996484
FBSUSHL6.0t10×4,991409
FBSUSHL6.0t12×4,991411
FBSUSHL6.0t13×4,991413
FBSUSHL6.0t15×4,991415
FBSUSHL6.0t16×4,991418
FBSUSHL6.0t18×4,991420
FBSUSHL6.0t19×4,991422
FBSUSHL6.0t20×4,991424
FBSUSHL6.0t22×4,991427
FBSUSHL6.0t25×4,991429
FBSUSHL6.0t30×4,991432
FBSUSHL6.0t32×4,991436
FBSUSHL6.0t35×4,991439
FBSUSHL6.0t38×4,991441
FBSUSHL6.0t40×4,991445
FBSUSHL6.0t42×4,991449
FBSUSHL6.0t45×4,991452
FBSUSHL6.0t48×4,991455
FBSUSHL6.0t50×4,991457
FBSUSHL6.0t50×6,991459
FBSUSHL6.0t65×4,991464
FBSUSHL6.0t65×6,991466
FBSUSHL6.0t70×4,991468
FBSUSHL6.0t75×4,991470
FBSUSHL6.0t75×6,991472
FBSUSHL6.0t90×4,991474
FBSUSHL6.0t100×4,991476
FBSUSHL6.0t100×6,991478
FBSUSHL6.0t110×4,991480
FBSUSHL6.0t120×4,991482
FBSUSHL6.0t125×4,991484
FBSUSHL6.0t130×4,991486
FBSUSHL6.0t140×4,991488
FBSUSHL6.0t150×4,991490
FBSUSHL8.0t10×4,991492
FBSUSHL8.0t16×4,991494
FBSUSHL8.0t32×4,996110
FBSUSHL8.0t50×4,996375
FBSUSHL8.0t38×4,996875
FBSUSHL9.0t13×4,996061
FBSUSHL9.0t22×4,996066
FBSUSHL9.0t30×4,996189
FBSUSHL9.0t40×4,996290
FBSUSHL9.0t50×4,996301
FBSUSHL9.0t20×4,996349
FBSUSHL9.0t60×4,996398
FBSUSHL9.0t38×4,996403
FBSUSHL9.0t25×4,996542
FBSUSHL10.0t25×4,996062
FBSUSHL10.0t15×4,996099
FBSUSHL10.0t40×4,996204
FBSUSHL10.0t20×4,996289
FBSUSHL10.0t50×4,996891
FBSUSHL10.0t30×4,997173
FBSUSHL12.0t30×4,996276
FBSUSHL12.0t40×4,996415
FBSUSHL12.0t20×4,996426
FBSUSHL16.0t25×4,996886
FBSUSCO2.0t10×2,991196
FBSUSCO2.0t6×2,991200
FBSUSCO2.0t8×2,991201
FBSUSCO2.0t9×2,991202
FBSUSCO2.0t10×3,991204
FBSUSCO2.0t10×4,991205
FBSUSCO2.0t12×4,991207
FBSUSCO2.0t15×4,991208
FBSUSCO2.0t20×4,991210
FBSUSCO2.0t25×4,991212
FBSUSCO2.0t30×4,991214
FBSUSCO2.0t32×4,991216
FBSUSCO2.0t38×4,991219
FBSUSCO2.0t40×4,991220
FBSUSCO2.0t45×4,991222
FBSUSCO2.0t50×4,991224
FBSUSCO2.0t15×2,997182
FBSUSCO3.0t15×2,990129
FBSUSCO3.0t5×3,991226
FBSUSCO3.0t6×4,991227
FBSUSCO3.0t7×4,991228
FBSUSCO3.0t8×4,991229
FBSUSCO3.0t9×4,991230
FBSUSCO3.0t10×4,991231
FBSUSCO3.0t12×4,991230
FBSUSCO3.0t13×4,991235
FBSUSCO3.0t15×4,991237
FBSUSCO3.0t16×4,991240
FBSUSCO3.0t19×4,991242
FBSUSCO3.0t20×4,991244
FBSUSCO3.0t22×4,991247
FBSUSCO3.0t25×4,991249
FBSUSCO3.0t30×4,991252
FBSUSCO3.0t32×4,991255
FBSUSCO3.0t35×4,991258
FBSUSCO3.0t38×4,991260
FBSUSCO3.0t40×4,991263
FBSUSCO3.0t42×4,991266
FBSUSCO3.0t45×4,991268
FBSUSCO3.0t48×4,991270
FBSUSCO3.0t50×4,991272
FBSUSCO3.0t60×4,991275
FBSUSCO3.0t65×4,991278
FBSUSCO3.0t75×4,991280
FBSUSCO3.0t90×4,991283
FBSUSCO3.0t100×4,991284
FBSUSCO3.0t110×4,991287
FBSUSCO3.0t120×4,991288
FBSUSCO3.0t125×4,991289
FBSUSCO3.0t130×4,991290
FBSUSCO3.0t140×4,991291
FBSUSCO3.0t150×4,991292
FBSUSCO3.0t3×3,991689
FBSUSCO3.0t3×2,996271
FBSUSCO3.0t7×4,996368
FBSUSCO4.0t9×4,991293
FBSUSCO4.0t10×4,991294
FBSUSCO4.0t11×4,991296
FBSUSCO4.0t12×4,991298
FBSUSCO4.0t13×4,991299
FBSUSCO4.0t15×4,*99130
FBSUSCO4.0t16×4,991404
FBSUSCO4.0t17×4,991306
FBSUSCO4.0t19×4,991307
FBSUSCO4.0t20×4,991309
FBSUSCO4.0t22×4,991312
FBSUSCO4.0t25×4,991314
FBSUSCO4.0t30×4,991317
FBSUSCO4.0t32×4,991320
FBSUSCO4.0t35×4,991323
FBSUSCO4.0t38×4,991325
FBSUSCO4.0t40×4,991328
FBSUSCO4.0t45×4,991331
FBSUSCO4.0t50×4,991333
FBSUSCO4.0t60×4,991336
FBSUSCO4.0t65×4,991339
FBSUSCO4.0t75×4,991341
FBSUSCO4.0t90×4,991344
FBSUSCO4.0t100×4,991346
FBSUSCO4.0t7×4,991880
FBSUSCO5.0t8×4,991349
FBSUSCO5.0t9×4,991350
FBSUSCO5.0t10×4,991351
FBSUSCO5.0t12×4,991353
FBSUSCO5.0t13×4,991355
FBSUSCO5.0t15×4,991357
FBSUSCO5.0t16×4,991360
FBSUSCO5.0t19×4,*99136
FBSUSCO5.0t20×4,991364
FBSUSCO5.0t22×4,991367
FBSUSCO5.0t25×4,991369
FBSUSCO5.0t30×4,991372
FBSUSCO5.0t32×4,991375
FBSUSCO5.0t34×4,991378
FBSUSCO5.0t35×4,991380
FBSUSCO5.0t38×4,991382
FBSUSCO5.0t40×4,991385
FBSUSCO5.0t50×4,991388
FBSUSCO5.0t60×4,991391
FBSUSCO5.0t65×4,991394
FBSUSCO5.0t75×4,991397
FBSUSCO5.0t90×4,991400
FBSUSCO5.0t100×4,991402
FBSUSCO5.0t130×4,991405
FBSUSCO5.0t150×4,991406
FBSUSCO5.0t5×4,991690
FBSUSCO5.0t50×4,996543
FBSUSCO5.0t5×4,997172
FBSUSHL6.0t6×4,991203
FBSUSHL6.0t9×4,991407
FBSUSCO6.0t10×4,991408
FBSUSCO6.0t12×4,991410
FBSUSCO6.0t13×4,991412
FBSUSCO6.0t15×4,991414
FBSUSCO6.0t16×4,991417
FBSUSCO6.0t18×4,991419
FBSUSCO6.0t19×4,991421
FBSUSCO6.0t20×4,991423
FBSUSCO6.0t22×4,991426
FBSUSCO6.0t25×4,991428
FBSUSCO6.0t30×4,991431
FBSUSCO6.0t32×4,991435
FBSUSCO6.0t35×4,991438
FBSUSCO6.0t38×4,991440
FBSUSCO6.0t40×4,991444
FBSUSCO6.0t42×4,991448
FBSUSCO6.0t45×4,991451
FBSUSCO6.0t48×4,991454
FBSUSCO6.0t50×4,991456
FBSUSCO6.0t60×4,991460
FBSUSCO6.0t65×4,991463
FBSUSCO6.0t70×4,991467
FBSUSCO6.0t75×4,991469
FBSUSCO6.0t90×4,991473
FBSUSCO6.0t100×4,991475
FBSUSCO6.0t110×4,991479
FBSUSCO6.0t120×4,991481
FBSUSCO6.0t130×4,991483
FBSUSCO6.0t140×4,991487
FBSUSCO6.0t150×4,991489
FBSUSCO6.0t6×4,992118
FBSUSCO6.0t9×4,996316
FBSUSCO8.0t10×4,991491
FBSUSCO8.0t16×4,991493
FBSUSCO8.0t25×4,996504
FBSUSCO9.0t32×4,991450
FBSUSCO9.0t50×4,991498
FBSUSCO9.0t38×4,996034
FBSUSCO9.0t13×4,996199
FBSUSCO9.0t25×4,996201
FBSUSCO9.0t35×4,996283
FBSUSCO9.0t75×4,996428
FBSUSCO9.0t19×4,996595
FBSUSCO10.0t15×4,996008
FBSUSCO10.0t19×4,996041
FBSUSCO10.0t40×4,996407
FBSUSCO10.0t75×4,996471
FBSUSCO10.0t20×4,996580
FBSUSCO10.0t30×4,996583
FBSUSCO10.0t50×4,997175
FBSUSCO12.0t19×4,996477
FBSUSCO16.0t20×4,996411
FBSUSCO25.0t50×4,996543
FBSUSHO2.0t35×4,991218
FBSUSHO5.0t45×4,997174
FBSUSHO8.0t65×4,996195
FBSUSHO8.0t25×4,996197
FBBSP3.0t10×4,991199
FBBSP3.0t6×4,991496
FBBSP3.0t30×4,996130
FBBSP3.0t8×4,996256
FBBSP3.0t8×2,996261
FBBSP3.0t20×4,996410
FBBSP3.0t25×4,996512
FBBSP3.0t16×4,996882
FBBSP3.0t40×4,996986
FBBSP4.0t10×4,996018
FBBSP4.0t6×4,996421
FBBSP4.0t7×4,996571
FBBSP4.0t15×4,996870
FBBSP4.0t20×4,996906
FBBSP5.0t16×4,990145
FBBSP5.0t10×4,991198
FBBSP5.0t30×4,991495
FBBSP5.0t40×4,991527
FBBSP5.0t20×4,992119
FBBSP5.0t15×4,996141
FBBSP5.0t25×4,996237
FBBSP5.0t5×4,996329
FBBSP5.0t8×4,996988
FBBSP6.0t15×4,996174
FBBSP6.0t20×4,996930
FBBSP8.0t15×4,996892
FBCUP3.0t30×5,996925
FBCUP4.0t15×5,991180
FBCUP5.0t15×5,991181
FBCUP6.0t15×5,991182
FBCUP8.0t15×5,996083
FBCUP10.0t20×5,996173
FBアルミ2.0t25×4,881951
FBアルミ4.0t30×4,996895
FBアルミ8.0t25×4,996203
FBSUSCO２C3.0t10×4,883428
